event,time,timezone
Event1,2024-03-15 08:00,Asia/Tokyo
Event2,2024-03-15 09:30,America/Los_Angeles
Event3,2024-03-15 11:00,Asia/Kolkata
Event4,2024-03-15 12:30,Europe/London
Event5,2024-03-15 14:00,Asia/Tokyo
Event6,2024-03-15 15:30,America/Denver
Event7,2024-03-15 17:00,Asia/Tokyo
Event8,2024-03-15 18:30,Asia/Kolkata
Event9,2024-03-15 20:00,Europe/London
Event10,2024-03-15 21:30,America/Los_Angeles
Event11,2024-03-15 23:00,Asia/Kolkata
Event12,2024-03-16 00:30,Asia/Kolkata
Event13,2024-03-16 02:00,America/Denver
Event14,2024-03-16 03:30,Europe/Berlin
Event15,2024-03-16 05:00,Europe/London
Event16,2024-03-16 06:30,America/Chicago
Event17,2024-03-16 08:00,Asia/Kolkata
Event18,2024-03-16 09:30,Europe/Berlin
Event19,2024-03-16 11:00,America/Chicago
Event20,2024-03-16 12:30,Europe/London
Event21,2024-03-16 14:00,America/New_York
Event22,2024-03-16 15:30,Europe/Berlin
Event23,2024-03-16 17:00,Australia/Sydney
Event24,2024-03-16 18:30,America/New_York
Event25,2024-03-16 20:00,America/Denver
Event26,2024-03-16 21:30,Asia/Tokyo
Event27,2024-03-16 23:00,America/Los_Angeles
Event28,2024-03-17 00:30,Australia/Sydney
Event29,2024-03-17 02:00,America/Denver
Event30,2024-03-17 03:30,Europe/London
